code,meaning
ACT,Full_Member
ACTB,Full_Member_Branch
ACTD,Full_Member_Dependent
ACTPD,TBD
AFF,Affiliate
AFFB,Affiliate_Branch
AFFD,Affiliate_Dependent
AISC,AISC
ARC,TBD
ASCPD,TBD
ASSCB,Associate_Branch
ASSCD,Associate_Dependent
ASSOC,Associate
ATT,TBD
EDU,Educator
FACT,Former_Full
FACTB,Former_Full_Branch
FACTD,Former_Full_Dependent
FAFF,Former_Affiliate
FAFFB,Former_Affiliate_Branch
FAFFD,Former_Affiliate_Dependent
FASCB,Former_Associate_Branch
FASCD,Former_Associate_Dependent
FASSC,Former_Associate
FIM,TBD
FIPRF,TBD
FPROB,TBD
FPROD,TBD
FPROF,TBD
FPROI,TBD
IM,TBD
IPROF,TBD
NM,TBD
NMC,TBD
ORG,TBD
ORGB,TBD
ORGD,TBD
PACT,TBD
PACTB,TBD
PACTD,TBD
PASCD,TBD
PASSC,TBD
PROE,TBD
PROF,TBD
PROFB,TBD
PROFD,TBD
PROI,TBD
PROPD,TBD
RES,TBD
RESD,TBD
STU,Student
UNIV,University
WEB,TBD
